Submission id,prolificid,Status,Started at,Completed at,Reviewed at,Archived at,Time taken,Completion code,Total approvals,Fluent languages,Age,Sex,Ethnicity simplified,Country of birth,Country of residence,Nationality,Language,Student status,Employment status
64ad3f66806fd31ecef53b99,60bfb7216f6da5705b11ca15,APPROVED,2023-07-11T11:46:28.917000Z,2023-07-11T12:48:05.236000Z,2023-07-13T17:17:50.842000,2023-07-11T12:48:05.782873Z,3697,NOCODE,344,"English, Afrikaans",23,Female,Black,South Africa,South Africa,South Africa,English,No,Full-Time
64ad3fa8aaf8ef8c3f271369,5ff41506eed16daa2c6c6ebc,APPROVED,2023-07-11T11:41:18.471000Z,2023-07-11T12:18:03.918000Z,2023-07-13T17:17:50.963000,2023-07-11T12:18:04.417810Z,2206,NOCODE,310,"Afrikaans, English",33,Female,Black,South Africa,South Africa,South Africa,English,Yes,Unemployed (and job seeking)
64ad3fccedf5f3a4347ed8cd,5e89e52ff4f8e868671225cf,APPROVED,2023-07-11T11:41:03.614000Z,2023-07-11T12:09:08.742000Z,2023-07-13T17:16:45.456000,2023-07-11T12:09:09.233215Z,1686,NOCODE,93,English,25,Female,White,United Kingdom,United Kingdom,United Kingdom,English,No,Full-Time
64ad3fec5957c4361f5fae6a,5e9fd839311b8018f88c99eb,APPROVED,2023-07-11T11:41:32.132000Z,2023-07-11T12:47:35.614000Z,2023-07-13T17:17:51.078000,2023-07-11T12:47:36.161043Z,3964,NOCODE,377,English,49,Female,Black,Zambia,South Africa,Zambia,English,No,Full-Time
64ad401db7028ff4d512226d,5d53bf0c2ebe880001a473d2,APPROVED,2023-07-11T11:42:26.201000Z,2023-07-11T12:06:29.539000Z,2023-07-13T17:17:51.188000,2023-07-11T12:06:30.007045Z,1444,NOCODE,600,English,41,Female,White,United Kingdom,United Kingdom,United Kingdom,English,No,DATA_EXPIRED
64ad4026fe00d2fcca127826,5f59aa6249efc02078394a60,APPROVED,2023-07-11T11:43:26.176000Z,2023-07-11T12:22:16.525000Z,2023-07-13T17:17:51.301000,2023-07-11T12:22:17.022513Z,2331,NOCODE,74,"English, Japanese",26,Female,White,United States,Netherlands,Australia,English,No,Unemployed (and job seeking)
64ad4047b79f561cb88324fa,5bef322e52de3c0001c508e5,APPROVED,2023-07-11T11:43:23.503000Z,2023-07-11T12:05:32.799000Z,2023-07-13T17:17:51.414000,2023-07-11T12:05:33.696537Z,1330,NOCODE,136,English,34,Female,White,United Kingdom,United Kingdom,United Kingdom,English,No,Part-Time
64ad406ee66bf12943534849,605264d8d281cded92f08d9a,APPROVED,2023-07-11T11:45:07.230000Z,2023-07-11T12:26:35.936000Z,2023-07-13T17:17:51.524000,2023-07-11T12:26:36.353184Z,2489,NOCODE,191,English,20,Male,White,South Africa,United Kingdom,United Kingdom,English,DATA_EXPIRED,DATA_EXPIRED
64ad4087a29655f7cff53b89,6095b18d2259069adefeb80a,APPROVED,2023-07-11T11:44:57.186000Z,2023-07-11T12:30:02.443000Z,2023-07-13T17:17:51.639000,2023-07-11T12:30:02.996063Z,2706,NOCODE,159,English,20,Female,Black,South Africa,South Africa,South Africa,English,Yes,Part-Time
64ad40a47809a6a3339e64a3,5ea3f7021782d23892358af1,APPROVED,2023-07-11T11:44:40.794000Z,2023-07-11T12:21:35.198000Z,2023-07-13T17:17:51.756000,2023-07-11T12:21:35.653779Z,2215,NOCODE,294,English,55,Female,White,United Kingdom,United Kingdom,United Kingdom,English,No,Other
64ad40c447bb36c03ea053d7,60670ac0fc7e169231369ab1,APPROVED,2023-07-11T11:45:08.960000Z,2023-07-11T12:28:26.392000Z,2023-07-13T17:17:51.878000,2023-07-11T12:28:26.903123Z,2598,NOCODE,473,English,22,Male,Black,Zimbabwe,South Africa,South Africa,English,No,Full-Time
64ad40d3f4578d18e4b1741e,609e9f35893ee0b976a584c5,APPROVED,2023-07-11T11:45:29.417000Z,2023-07-11T12:14:32.514000Z,2023-07-13T17:17:52.007000,2023-07-11T12:14:33.031272Z,1744,NOCODE,42,English,29,Female,White,United States,United Kingdom,United States,English,DATA_EXPIRED,DATA_EXPIRED
64ad410909db4be0f459960a,5f805dd87a1fdb064708f313,APPROVED,2023-07-11T11:46:17.518000Z,2023-07-11T13:13:15.076000Z,2023-07-13T17:17:52.115000,2023-07-11T13:13:15.728144Z,5218,NOCODE,359,"English, Hungarian",25,Male,White,Hungary,Hungary,Hungary,English,No,Full-Time
64ad4112d4ac43b8e23e7c41,5f39a493da1ce1553328ebd9,APPROVED,2023-07-11T11:47:43.704000Z,2023-07-11T12:33:54.379000Z,2023-07-13T17:17:52.228000,2023-07-11T12:33:54.868929Z,2771,NOCODE,483,"Afrikaans, English",28,Female,Mixed,South Africa,South Africa,South Africa,English,No,Full-Time
64ad411fd8cbbdd23ec2e1cf,5e4be1707b764a02a384f7b8,APPROVED,2023-07-11T11:46:43.842000Z,2023-07-11T12:16:04.652000Z,2023-07-13T17:17:52.340000,2023-07-11T12:16:09.741584Z,1761,NOCODE,635,English,58,Female,White,United Kingdom,United Kingdom,United Kingdom,English,No,"Not in paid work (e.g. homemaker', 'retired or disabled)"
64ad41267f82b973d825f964,5f45f6591d2bed2170be6c38,APPROVED,2023-07-11T11:47:34.474000Z,2023-07-11T12:42:08.589000Z,2023-07-13T17:17:52.456000,2023-07-11T12:42:09.054055Z,3275,NOCODE,336,English,28,Female,Black,South Africa,South Africa,South Africa,English,No,Full-Time
64ad4128c1c14cdf3ff1f8fe,5ed9079cca520542a8bc133f,APPROVED,2023-07-11T11:47:07.196000Z,2023-07-11T12:11:16.246000Z,2023-07-13T17:17:52.595000,2023-07-11T12:11:17.242247Z,1450,NOCODE,18,English,21,Female,White,United Kingdom,United Kingdom,United Kingdom,English,Yes,Unemployed (and job seeking)
64ad4129718b6dd8bfc1b4c1,5fff1e3163c21663a9a74f71,APPROVED,2023-07-11T11:47:02.817000Z,2023-07-11T12:20:15.978000Z,2023-07-13T17:17:52.743000,2023-07-11T12:20:16.457776Z,1994,NOCODE,394,"French, English",28,Female,White,Bahrain,United Kingdom,United Kingdom,English,Yes,Full-Time
64ad41623c4918117f86b629,5e2325f1cf46ff5cba7b92f2,APPROVED,2023-07-11T11:47:57.529000Z,2023-07-11T12:29:23.005000Z,2023-07-13T17:17:52.894000,2023-07-11T12:29:23.505663Z,2486,NOCODE,197,English,37,Male,White,United Kingdom,United Kingdom,United Kingdom,English,No,Full-Time
64ad417da69e5c385b7f510f,60650e72f3359295eb889c0f,APPROVED,2023-07-11T11:49:02.055000Z,2023-07-11T12:12:07.439000Z,2023-07-13T17:17:53.044000,2023-07-11T12:12:07.875367Z,1386,NOCODE,224,English,21,Female,White,United Kingdom,United Kingdom,United Kingdom,English,DATA_EXPIRED,DATA_EXPIRED
64ad419adb0507d85a5739b8,646cfc663c6a71e2ab992704,APPROVED,2023-07-11T11:48:50.748000Z,2023-07-11T12:24:14.447000Z,2023-07-13T17:17:53.161000,2023-07-11T12:24:14.957392Z,2124,NOCODE,170,English,66,Male,Black,Nigeria,United States,Nigeria,English,DATA_EXPIRED,DATA_EXPIRED
64ad41b0467f7576921d1559,6000105006ea511c281954a8,APPROVED,2023-07-11T11:53:15.175000Z,2023-07-11T12:28:17.515000Z,2023-07-13T17:17:53.270000,2023-07-11T12:28:18.155979Z,2103,NOCODE,294,English,33,Female,Black,South Africa,South Africa,South Africa,English,No,Part-Time
64ad41c8467f7576921d155a,5fc67a7ad4991f2ecfa65f42,APPROVED,2023-07-11T11:49:31.362000Z,2023-07-11T12:12:38.258000Z,2023-07-13T17:17:53.381000,2023-07-11T12:12:38.879070Z,1387,64ad41c8467f7576921d155a,608,English,43,Female,White,United Kingdom,United Kingdom,United Kingdom,English,No,DATA_EXPIRED
64ad41cbc7fde5e83194d8c7,5a67979f31b87a0001c73bc5,APPROVED,2023-07-11T11:50:08.957000Z,2023-07-11T12:19:29.841000Z,2023-07-13T17:17:53.491000,2023-07-11T12:19:30.401323Z,1761,NOCODE,809,"French, English",33,Female,White,Ireland,Ireland,Ireland,English,No,Full-Time
64ad41d552589f0cb47f50eb,5fcbb598516103930bd22135,APPROVED,2023-07-11T11:49:41.954000Z,2023-07-11T12:42:28.957000Z,2023-07-13T17:17:53.607000,2023-07-11T12:42:29.522491Z,3168,not given,269,"English, Tamil, Malayalam, Gujarati, Hindi",50,Female,Asian,India,South Africa,India,English,Yes,DATA_EXPIRED
64ad41e82c694d5329169728,5c37a0e7bef9a20001e3a497,APPROVED,2023-07-11T11:50:03.659000Z,2023-07-11T12:14:11.533000Z,2023-07-13T17:17:53.726000,2023-07-11T12:14:12.072091Z,1448,NOCODE,658,English,24,Female,White,United Kingdom,United Kingdom,United Kingdom,English,Yes,Full-Time
64ad41e92e65fee57c4ce503,605986be77c362e33eac85c2,APPROVED,2023-07-11T11:52:40.609000Z,2023-07-11T13:01:39.729000Z,2023-07-13T17:17:53.840000,2023-07-11T13:01:43.700315Z,4140,NOCODE,489,English,38,Male,Black,South Africa,South Africa,South Africa,English,No,Full-Time
64ad41f2847e0afe9525f921,5f02ca7d869ce215033289be,APPROVED,2023-07-11T11:50:14.508000Z,2023-07-11T12:16:33.006000Z,2023-07-13T17:17:53.957000,2023-07-11T12:17:02.526462Z,1579,NOCODE,858,English,51,Female,White,United Kingdom,United Kingdom,United Kingdom,English,No,Full-Time
64ad41f41c4c23ad54599614,5cd8996bdf739100011b1f3e,APPROVED,2023-07-11T11:50:32.275000Z,2023-07-11T12:21:11.477000Z,2023-07-13T17:17:54.068000,2023-07-11T12:21:11.978203Z,1840,NOCODE,646,English,41,Female,White,Canada,Canada,Canada,English,DATA_EXPIRED,DATA_EXPIRED
64ad41f5847e0afe9525f923,5f05ef4bd552bc0009e5566c,APPROVED,2023-07-11T11:56:51.353000Z,2023-07-11T12:40:49.160000Z,2023-07-13T17:17:54.188000,2023-07-11T12:40:49.658816Z,2638,NOCODE,804,"English, Italian",51,DATA_EXPIRED,DATA_EXPIRED,DATA_EXPIRED,United Kingdom,DATA_EXPIRED,English,DATA_EXPIRED,DATA_EXPIRED
64ad4201fc15191d9b0a010d,5f98644189208011eeb027b9,APPROVED,2023-07-11T11:50:34.465000Z,2023-07-11T12:22:04.028000Z,2023-07-13T17:17:54.308000,2023-07-11T12:22:04.583499Z,1890,NOCODE,710,English,58,Female,White,United Kingdom,United Kingdom,United Kingdom,English,No,Unemployed (and job seeking)
64ad4206fdc2bcb71207fa4c,60d6608dbb8a3a34dfbf2728,APPROVED,2023-07-11T11:50:42.307000Z,2023-07-11T12:36:50.627000Z,2023-07-13T17:17:54.429000,2023-07-11T12:36:51.098790Z,2769,NOCODE,431,English,25,Female,White,United Kingdom,United Kingdom,United Kingdom,English,No,"Not in paid work (e.g. homemaker', 'retired or disabled)"
64ad420e718b6dd8bfc1b503,5fb951898639c17a684074e1,APPROVED,2023-07-11T11:50:44.506000Z,2023-07-11T12:24:08.665000Z,2023-07-13T17:17:54.549000,2023-07-11T12:24:09.167919Z,2005,NOCODE,400,English,34,Male,White,United States,United States,United States,English,DATA_EXPIRED,DATA_EXPIRED
64ad420f847e0afe9525f92a,606c46808be22792df92c0f9,APPROVED,2023-07-11T11:50:39.739000Z,2023-07-11T12:54:36.289000Z,2023-07-13T17:17:54.670000,2023-07-11T12:54:36.754718Z,3837,NOCODE,364,English,41,Female,Black,Zimbabwe,South Africa,Zimbabwe,English,Yes,Full-Time
64ad4215fdc2bcb71207fa50,63e58f7058926d99effc6644,APPROVED,2023-07-11T11:51:27.485000Z,2023-07-11T12:12:04.124000Z,2023-07-13T17:17:54.797000,2023-07-11T12:12:05.114064Z,1237,NOCODE,133,English,23,Male,White,United Kingdom,United Kingdom,United Kingdom,English,Yes,Full-Time
64ad421d8a8d169b54276ac9,6005acd51e4c4b82bf23ba93,APPROVED,2023-07-11T11:53:03.303000Z,2023-07-11T12:25:53.688000Z,2023-07-13T17:17:54.913000,2023-07-11T12:25:54.281131Z,1971,NOCODE,218,English,27,Male,Black,South Africa,South Africa,South Africa,English,DATA_EXPIRED,DATA_EXPIRED
64ad421fe61ba56108d5de43,607db40f31882d35ea503aa6,APPROVED,2023-07-11T11:50:59.410000Z,2023-07-11T12:17:00.662000Z,2023-07-13T17:17:55.034000,2023-07-11T12:17:09.003301Z,1562,NOCODE,353,English,41,Female,White,United Kingdom,United Kingdom,United Kingdom,English,No,DATA_EXPIRED
64ad42234ffb3b5bc0a0540c,60b005fde343f75a2b76d406,APPROVED,2023-07-11T11:51:07.726000Z,2023-07-11T12:30:59.810000Z,2023-07-13T17:17:55.150000,2023-07-11T12:31:00.547678Z,2393,NOCODE,481,English,35,Female,Black,Zimbabwe,South Africa,Zimbabwe,English,No,Full-Time
64ad42285218f9dd85f3a747,5f8c16ed7ed13e3473e7f164,APPROVED,2023-07-11T11:51:04.257000Z,2023-07-11T12:28:44.484000Z,2023-07-13T17:17:55.260000,2023-07-11T12:28:45.029258Z,2261,https://warwick.co1.qualtrics.com/jfe/form/SV_af4BJL6Lx0cSWPQ?PROLIFIC_PID=5f8c16ed7ed13e3473e7f164&amp;STUDY_ID=64ad3e6d809bcb722494e16e&amp;SESSION_ID=64ad42285218f9dd85f3a747,226,English,32,Female,Asian,Pakistan,New Zealand,Pakistan,English,DATA_EXPIRED,DATA_EXPIRED
64ad4228d1e1c9c1e494e17d,646bc273334eee3290a158ed,APPROVED,2023-07-11T11:52:35.447000Z,2023-07-11T12:44:53.843000Z,2023-07-13T17:17:55.372000,2023-07-11T12:44:54.338795Z,3139,NOCODE,21,English,48,Female,White,United Kingdom,United Kingdom,United Kingdom,English,No,"Not in paid work (e.g. homemaker', 'retired or disabled)"
64ad422b4ffb3b5bc0a05411,6099e0b42fbccb6c8b4d370f,APPROVED,2023-07-11T11:51:13.353000Z,2023-07-11T12:19:43.048000Z,2023-07-13T17:17:55.493000,2023-07-11T12:19:43.543377Z,1710,NOCODE,43,"Afrikaans, English",27,Female,Black,South Africa,South Africa,South Africa,English,No,Full-Time
64ad42331b32590fb3092e2c,608fad5ef7c5dc389d357601,APPROVED,2023-07-11T11:51:15.114000Z,2023-07-11T12:58:08.294000Z,2023-07-13T17:17:55.675000,2023-07-11T12:58:08.813139Z,4014,NOCODE,408,English,34,Female,Black,South Africa,South Africa,South Africa,English,DATA_EXPIRED,DATA_EXPIRED
64ad4244e7a8f1b24d37ef16,5f8038ceefbc9f02632dce3c,APPROVED,2023-07-11T11:51:38.379000Z,2023-07-11T12:36:39.907000Z,2023-07-13T17:17:55.790000,2023-07-11T12:36:41.141447Z,2702,NOCODE,641,English,37,Male,Black,South Africa,South Africa,South Africa,English,DATA_EXPIRED,Full-Time
64ad4247194fbbd6c0e02743,6460f320e8ba103d47ded9d6,APPROVED,2023-07-11T11:51:42.008000Z,2023-07-11T12:21:30.571000Z,2023-07-13T17:17:55.907000,2023-07-11T12:21:31.004588Z,1789,NOCODE,21,"Afrikaans, English",54,Female,White,United Kingdom,South Africa,United Kingdom,English,No,Full-Time
64ad425b9d98a6d05663e245,610d1cf3c7b4411f1643e501,APPROVED,2023-07-11T11:51:55.618000Z,2023-07-11T13:03:45.126000Z,2023-07-13T17:17:56.027000,2023-07-11T13:04:02.671154Z,4310,NOCODE,155,"English, Portuguese",20,Male,White,DATA_EXPIRED,Portugal,United Kingdom,English,DATA_EXPIRED,DATA_EXPIRED
64ad425d2826127b035c82f0,60471ddd0b6ed718cb843760,APPROVED,2023-07-11T11:52:04.063000Z,2023-07-11T12:28:45.077000Z,2023-07-13T17:17:56.142000,2023-07-11T12:28:46.119449Z,2202,NOCODE,203,English,40,Female,Black,South Africa,South Africa,South Africa,English,No,Other
64ad42625b1d6f7ec14774cd,603229656ef6bd1d1b07f6c9,APPROVED,2023-07-11T11:52:15.481000Z,2023-07-11T12:35:47.419000Z,2023-07-13T17:17:56.269000,2023-07-11T12:35:48.038702Z,2612,NOCODE,420,English,40,Female,White,United Kingdom,United Kingdom,United Kingdom,English,Yes,Part-Time
64ad42675cf8eac5c8702618,5b71b24ab3e51f0001915753,APPROVED,2023-07-11T11:52:13.138000Z,2023-07-11T12:13:34.803000Z,2023-07-13T17:17:56.395000,2023-07-11T12:13:35.621767Z,1282,NOCODE,171,English,32,Male,White,United Kingdom,United Kingdom,United Kingdom,English,Yes,Due to start a new job within the next month
64ad426bb226b84bd5ff6e4c,6060b63e4ccfcf7b44479d8b,APPROVED,2023-07-11T11:52:53.856000Z,2023-07-11T12:31:36.343000Z,2023-07-13T17:17:56.528000,2023-07-11T12:31:38.077031Z,2323,NOCODE,286,"Afrikaans, English",21,Male,Mixed,South Africa,South Africa,South Africa,English,Yes,Unemployed (and job seeking)
64ad427a3400c51691695675,5f7f18137488a50407d729e6,APPROVED,2023-07-11T11:52:31.198000Z,2023-07-11T12:44:06.969000Z,2023-07-13T17:17:56.739000,2023-07-11T12:44:07.413445Z,3096,NOCODE,134,English,25,Female,Black,South Africa,South Africa,South Africa,English,No,Full-Time
64ad427e227249fb8f0b4be0,596a3b32670f410001fe95d9,APPROVED,2023-07-11T11:57:02.629000Z,2023-07-11T12:11:56.473000Z,2023-07-13T17:17:56.897000,2023-07-11T12:11:57.174039Z,894,NOCODE,1027,English,28,Female,White,United Kingdom,United Kingdom,United Kingdom,English,No,"Not in paid work (e.g. homemaker', 'retired or disabled)"
64ad428c9b2c6b31e10b4c2b,5f4560c565e28d13e5dd5d56,APPROVED,2023-07-11T11:54:35.190000Z,2023-07-11T12:43:31.135000Z,2023-07-13T17:17:57.014000,2023-07-11T12:43:32.088190Z,2936,NOCODE,89,English,26,Female,Black,South Africa,South Africa,South Africa,English,No,Full-Time
64ad428d53c43a3f2f2aaa96,614841ac474b90e021ccdefa,APPROVED,2023-07-11T11:52:48.255000Z,2023-07-11T12:13:36.439000Z,2023-07-13T17:17:57.184000,2023-07-11T12:13:37.907974Z,1249,NOCODE,256,English,34,Female,White,United Kingdom,United Kingdom,United Kingdom,English,No,Full-Time
64ad4292975bc8d847c607d3,5b1d303d3522660001b43e37,APPROVED,2023-07-11T11:52:53.679000Z,2023-07-11T12:09:46.463000Z,2023-07-13T17:17:57.331000,2023-07-11T12:09:46.901528Z,1013,NOCODE,498,English,36,Male,White,United Kingdom,United Kingdom,United Kingdom,English,No,Full-Time
64ad42b13cd2406b90a6e29f,610890b3f16ce2a44b73b74a,APPROVED,2023-07-11T11:55:51.334000Z,2023-07-11T12:23:23.203000Z,2023-07-13T17:17:57.450000,2023-07-11T12:23:23.671275Z,1652,NOCODE,555,English,40,Female,White,United Kingdom,United Kingdom,United Kingdom,English,No,Unemployed (and job seeking)
64ad42ba91b1e921d6e0e7e2,5f4cbdf9f599118d27c21442,APPROVED,2023-07-11T11:53:32.644000Z,2023-07-11T12:11:56.721000Z,2023-07-13T17:17:57.593000,2023-07-11T12:11:57.349825Z,1105,NOCODE,1639,English,44,Female,White,United Kingdom,United Kingdom,United Kingdom,English,No,Full-Time
64ad42bbcf2fcd42447e97fd,5c18259881976400016c9eca,APPROVED,2023-07-11T11:54:11.719000Z,2023-07-11T12:15:14.933000Z,2023-07-13T17:17:57.768000,2023-07-11T12:15:16.326843Z,1264,NOCODE,975,English,49,Female,White,United Kingdom,United Kingdom,United Kingdom,English,No,"Not in paid work (e.g. homemaker', 'retired or disabled)"
64ad42cd3395770fab5739e4,613f3901a7197bb325d10864,APPROVED,2023-07-11T11:53:54.464000Z,2023-07-11T12:16:01.687000Z,2023-07-13T17:17:58.047000,2023-07-11T12:16:07.643873Z,1328,NOCODE,593,"English, Spanish",25,Female,White,United States,United States,United States,English,No,Full-Time
64ad42d0dc3fd95462ff6e42,5fe09bdac64c969d92d21898,APPROVED,2023-07-11T11:54:20.447000Z,2023-07-11T12:38:42.686000Z,2023-07-13T17:17:58.215000,2023-07-11T12:38:43.104825Z,2663,NOCODE,60,"Afrikaans, English",33,Male,Black,South Africa,South Africa,South Africa,English,No,Other
64ad42e2f4137ad2a543b13b,561fcb95ed6e5a000bc7eaa2,APPROVED,2023-07-11T11:54:38.665000Z,2023-07-11T12:27:39.672000Z,2023-07-13T17:17:58.328000,2023-07-11T12:27:40.122592Z,1982,NOCODE,1364,"English, Dutch",28,Male,White,Netherlands,Netherlands,Netherlands,English,DATA_EXPIRED,DATA_EXPIRED
64ad42e4728331aa7c7ed888,5f7f239e9b204e05b6c36538,APPROVED,2023-07-11T11:54:27.690000Z,2023-07-11T12:48:55.609000Z,2023-07-13T17:17:58.451000,2023-07-11T12:48:56.112024Z,3268,NOCODE,308,English,29,Female,Black,South Africa,South Africa,South Africa,English,No,Full-Time
64ad42e56823978133f1f922,5f97f80e8279d602b5dfd6b1,APPROVED,2023-07-11T11:54:13.771000Z,2023-07-11T13:09:53.338000Z,2023-07-13T17:17:58.571000,2023-07-11T13:09:55.186570Z,4540,NOCODE,312,English,21,Male,Black,South Africa,South Africa,South Africa,English,Yes,Full-Time
64ad42e89eb6469e774ce503,60721c2da01b3a616edba9a7,APPROVED,2023-07-11T11:54:32.205000Z,2023-07-11T12:37:42.917000Z,2023-07-13T17:17:59.022000,2023-07-11T12:37:43.432315Z,2591,NOCODE,285,English,44,Male,Black,South Africa,South Africa,South Africa,English,No,Full-Time
64ad42eb467f7576921d15be,638e2eed82fa613f2140ba13,APPROVED,2023-07-11T11:54:27.720000Z,2023-07-11T12:31:30.687000Z,2023-07-13T17:17:59.153000,2023-07-11T12:31:31.288238Z,2223,NOCODE,402,English,61,Female,White,United Kingdom,United Kingdom,United Kingdom,English,No,Other
64ad42ed319f5b89196a4490,5aabf4e3ef1cff000182aeb4,APPROVED,2023-07-11T11:54:26.555000Z,2023-07-11T12:28:17.040000Z,2023-07-13T17:17:59.267000,2023-07-11T12:28:17.532439Z,2031,NOCODE,1338,English,36,Female,White,United Kingdom,United Kingdom,United Kingdom,English,Yes,"Not in paid work (e.g. homemaker', 'retired or disabled)"
64ad42ed5cf8eac5c8702656,63d8518247f4eb60f36dd960,APPROVED,2023-07-11T11:55:19.180000Z,2023-07-11T12:47:14.472000Z,2023-07-13T17:17:59.383000,2023-07-11T12:47:15.196051Z,3116,NOCODE,302,English,49,Male,Black,United States,United States,United States,English,Yes,Full-Time
64ad42ee548c3643ed169735,5b0f27321e55760001b9a8a5,APPROVED,2023-07-11T11:54:30.746000Z,2023-07-11T12:25:06.771000Z,2023-07-13T17:17:59.525000,2023-07-11T12:25:07.763955Z,1837,NOCODE,488,English,42,Female,White,United Kingdom,United Kingdom,United Kingdom,English,No,Full-Time
64ad42fad9cd0354cf6956c8,60e4949dd5c2941c69e48621,APPROVED,2023-07-11T11:54:39.784000Z,2023-07-11T12:23:35.384000Z,2023-07-13T17:17:59.660000,2023-07-11T12:23:36.084343Z,1736,NOCODE,598,English,39,Male,White,United Kingdom,United Kingdom,United Kingdom,English,No,Full-Time
64ad42fcf73e37f59c83b6d1,62c4447bf90fc4b646c59a62,APPROVED,2023-07-11T11:54:37.998000Z,2023-07-11T12:29:20.496000Z,2023-07-13T17:17:59.781000,2023-07-11T12:29:21.021022Z,2083,NOCODE,202,"English, French",21,Male,Mixed,Mauritius,United Kingdom,Ireland,English,Yes,Unemployed (and job seeking)
64ad42fdc6a40a890636215c,60dca4d773b80ebb055e5de8,APPROVED,2023-07-11T11:54:43.110000Z,2023-07-11T12:25:01.489000Z,2023-07-13T17:17:59.904000,2023-07-11T12:25:01.997129Z,1819,NOCODE,61,English,22,Female,Asian,Pakistan,United Kingdom,United Kingdom,English,Yes,Other
64ad4302c754948d475fae24,5f494da56aa639495fbc58d2,APPROVED,2023-07-11T11:54:50.670000Z,2023-07-11T12:16:38.360000Z,2023-07-13T17:18:00.017000,2023-07-11T12:17:05.379921Z,1308,NOCODE,413,"English, French",21,Female,White,United Kingdom,United Kingdom,United Kingdom,English,Yes,Other
64ad430bc6a40a8906362163,6087b352bc927336035cb9e0,APPROVED,2023-07-11T11:54:58.718000Z,2023-07-11T12:27:18.010000Z,2023-07-13T17:18:00.137000,2023-07-11T12:27:18.487301Z,1940,NOCODE,106,English,32,Female,White,New Zealand,New Zealand,New Zealand,English,No,Full-Time
64ad4310380da69a902aaa7a,5739ae9d12d1d8000735d6bb,APPROVED,2023-07-11T11:54:59.175000Z,2023-07-11T12:25:31.709000Z,2023-07-13T17:18:00.257000,2023-07-11T12:25:32.362107Z,1833,NOCODE,1069,English,36,Female,White,United Kingdom,United Kingdom,United Kingdom,English,DATA_EXPIRED,DATA_EXPIRED
64ad4310964cb6c0c5d5de62,61520fd805a718c7d27229c0,APPROVED,2023-07-11T11:55:00.502000Z,2023-07-11T12:28:37.331000Z,2023-07-13T17:18:00.373000,2023-07-11T12:28:37.977678Z,2017,NOCODE,692,English,37,Female,White,United Kingdom,United Kingdom,United Kingdom,English,No,Full-Time
64ad4318227249fb8f0b4c12,6147460b25ac4d56e609255c,APPROVED,2023-07-11T11:55:07.733000Z,2023-07-11T12:16:47.910000Z,2023-07-13T17:18:00.494000,2023-07-11T12:17:07.997996Z,1301,NOCODE,129,"English, German",29,Female,White,United Kingdom,United Kingdom,United Kingdom,English,No,Full-Time
64ad43186d2bf80a77f3a713,5a8458e9f49c9a0001f37f03,APPROVED,2023-07-11T11:55:15.793000Z,2023-07-11T12:25:15.422000Z,2023-07-13T17:18:00.615000,2023-07-11T12:25:16.039545Z,1800,NOCODE,446,English,35,Female,White,United Kingdom,United Kingdom,United Kingdom,English,No,"Not in paid work (e.g. homemaker', 'retired or disabled)"
64ad431ec48b40e42b25f932,5cec2831539ced0017fbc5f4,APPROVED,2023-07-11T11:55:10.830000Z,2023-07-11T12:20:40.203000Z,2023-07-13T17:18:00.731000,2023-07-11T12:20:40.888093Z,1530,NOCODE,1519,English,52,Male,White,United Kingdom,United Kingdom,United Kingdom,English,No,Full-Time
64ad43202768633dc51ae7f2,6437c46de0a8d34308fc860e,APPROVED,2023-07-11T11:55:57.903000Z,2023-07-11T12:34:48.017000Z,2023-07-13T17:18:00.849000,2023-07-11T12:34:48.559019Z,2331,NOCODE,70,English,68,Male,White,United States,Germany,United States,English,No,"Not in paid work (e.g. homemaker', 'retired or disabled)"
64ad43214f27fade20542a16,5b7af69d2f3fc30001374190,APPROVED,2023-07-11T11:55:19.122000Z,2023-07-11T12:34:52.530000Z,2023-07-13T17:18:01.022000,2023-07-11T12:34:52.986787Z,2374,NOCODE,366,English,63,Female,White,United Kingdom,United Kingdom,United Kingdom,English,DATA_EXPIRED,DATA_EXPIRED
64ad43299ced0b377137ef2e,6137e32367aae15b0156bd7e,APPROVED,2023-07-11T11:55:26.752000Z,2023-07-11T12:23:23.865000Z,2023-07-13T17:18:01.142000,2023-07-11T12:23:24.359399Z,1678,NOCODE,939,English,33,Male,White,United Kingdom,United Kingdom,United Kingdom,English,DATA_EXPIRED,DATA_EXPIRED
64ad432d3964fec21e9e64ac,5aa91bb86475f90001a07cc5,APPROVED,2023-07-11T11:55:30.781000Z,2023-07-11T12:25:08.193000Z,2023-07-13T17:18:01.263000,2023-07-11T12:25:09.055063Z,1778,NOCODE,490,English,38,Female,White,United Kingdom,United Kingdom,United Kingdom,English,No,Part-Time
64ad432f6f53a175e1bbbd46,610e47e32fee3f67f185cb37,APPROVED,2023-07-11T11:56:00.736000Z,2023-07-11T12:18:24.192000Z,2023-07-13T17:18:01.374000,2023-07-11T12:18:24.739568Z,1344,NOCODE,378,English,34,Female,White,United Kingdom,United Kingdom,United Kingdom,English,No,Part-Time
64ad43339789afc7c4f3a6f5,5fa9628fcfe3fe0d2fd65062,APPROVED,2023-07-11T11:55:31.561000Z,2023-07-11T12:46:15.444000Z,2023-07-13T17:18:01.496000,2023-07-11T12:46:15.896123Z,3044,NOCODE,516,"Afrikaans, English",49,Female,Asian,South Africa,South Africa,South Africa,English,No,Part-Time
64ad4337ed76031c7307b601,5fd3789cee06d705f5e783cc,APPROVED,2023-07-11T11:55:46.046000Z,2023-07-11T12:50:04.344000Z,2023-07-13T17:18:01.623000,2023-07-11T12:50:05.904306Z,3259,NOCODE,368,English,24,Female,Black,South Africa,South Africa,South Africa,English,Yes,Part-Time
64ad43383c5fec7e0da05421,59bbd2d4178f1b0001828bbb,APPROVED,2023-07-11T11:55:41.197000Z,2023-07-11T12:23:32.320000Z,2023-07-13T17:18:01.739000,2023-07-11T12:23:32.817558Z,1672,NOCODE,581,English,38,Female,White,United Kingdom,United Kingdom,United Kingdom,English,DATA_EXPIRED,"Not in paid work (e.g. homemaker', 'retired or disabled)"
64ad433d8bc40e5ec65739cc,62a8375ef5d3cb6960e4ed2e,APPROVED,2023-07-11T11:55:47.706000Z,2023-07-11T12:23:30.311000Z,2023-07-13T17:18:01.857000,2023-07-11T12:23:30.767575Z,1663,NOCODE,239,English,45,Male,White,United Kingdom,United Kingdom,United Kingdom,English,No,Full-Time
64ad433e795cf1fce612223f,644e0227c62cb87bccd10084,APPROVED,2023-07-11T11:55:46.953000Z,2023-07-11T12:21:52.904000Z,2023-07-13T17:18:02.009000,2023-07-11T12:21:53.482943Z,1566,NOCODE,109,English,50,Female,White,United Kingdom,United Kingdom,United Kingdom,English,No,Full-Time
64ad43421c452cd8021d1568,5d6d48982b4a3a0019143d8a,APPROVED,2023-07-11T11:55:53.599000Z,2023-07-11T12:28:47.110000Z,2023-07-13T17:18:02.185000,2023-07-11T12:28:47.570968Z,1974,NOCODE,194,English,23,Female,White,United Kingdom,United Kingdom,United Kingdom,English,Yes,"Not in paid work (e.g. homemaker', 'retired or disabled)"
64ad4343ed4d614bfe63e227,5a95935889de8200013ed605,APPROVED,2023-07-11T11:55:52.527000Z,2023-07-11T12:14:56.633000Z,2023-07-13T17:18:02.304000,2023-07-11T12:14:57.109717Z,1145,NOCODE,302,English,42,Female,White,United Kingdom,United Kingdom,United Kingdom,English,No,Full-Time
64ad4347b3f211b1c107fa2c,6413576801f8a1fbe97aa6d7,APPROVED,2023-07-11T11:55:54.972000Z,2023-07-11T12:20:57.528000Z,2023-07-13T17:18:02.434000,2023-07-11T12:20:58.021724Z,1503,NOCODE,179,English,30,Female,White,United Kingdom,United Kingdom,United Kingdom,English,No,Part-Time
64ad434fdc3fd95462ff6e66,5af15fc9e1b5b8000148a99d,APPROVED,2023-07-11T11:56:04.498000Z,2023-07-11T12:19:40.912000Z,2023-07-13T17:18:02.553000,2023-07-11T12:19:41.566430Z,1417,NOCODE,524,English,49,Female,White,United Kingdom,United Kingdom,United Kingdom,English,No,"Not in paid work (e.g. homemaker', 'retired or disabled)"
64ad4359c754948d475fae3f,62b6ded74322ef992b784ce0,APPROVED,2023-07-11T11:56:24.326000Z,2023-07-11T12:28:02.551000Z,2023-07-13T17:18:02.679000,2023-07-11T12:28:02.983781Z,1899,NOCODE,293,English,33,Male,White,United Kingdom,United Kingdom,United Kingdom,English,DATA_EXPIRED,DATA_EXPIRED
64ad436037910f475cd83e25,63d7f17bc657e6dc9e481a9a,APPROVED,2023-07-11T11:56:24.783000Z,2023-07-11T12:21:37.413000Z,2023-07-13T17:18:02.796000,2023-07-11T12:21:37.833902Z,1513,NOCODE,274,English,26,Male,White,United Kingdom,United Kingdom,United Kingdom,English,No,Full-Time
64ad43609b8883629258b9ad,64834734de8b29afa2f68359,APPROVED,2023-07-11T11:56:24.822000Z,2023-07-11T12:17:08.353000Z,2023-07-13T17:18:02.926000,2023-07-11T12:17:15.493740Z,1244,NOCODE,26,"Arabic, English",53,Female,Other,United Kingdom,United Kingdom,United Kingdom,English,No,Full-Time
64ad437689976b057fc607a0,5fa48feaddfbd812de13f3bb,APPROVED,2023-07-11T11:57:17.014000Z,2023-07-11T12:38:12.264000Z,2023-07-13T17:18:03.048000,2023-07-11T12:38:12.817189Z,2456,NOCODE,322,English,22,Female,Black,South Africa,South Africa,South Africa,English,Yes,Other
64ad43907187e71d637ed8f8,6483247637d20bcecd41963b,APPROVED,2023-07-11T12:01:35.329000Z,2023-07-11T12:58:55.227000Z,2023-07-13T17:18:03.170000,2023-07-11T12:58:55.708614Z,3440,NOCODE,21,English,51,Male,White,United Kingdom,Ireland,Ireland,English,No,"Not in paid work (e.g. homemaker', 'retired or disabled)"
64ad4395c754948d475fae52,5c76e0f70e1c350001ad3ccb,APPROVED,2023-07-11T11:57:13.171000Z,2023-07-11T12:31:58.074000Z,2023-07-13T17:18:03.322000,2023-07-11T12:31:58.530264Z,2085,NOCODE,148,English,41,Female,White,Canada,Canada,Canada,English,No,DATA_EXPIRED
64ad439f08acec7dab276ac1,5ddbf2f87b6a66b43521de86,APPROVED,2023-07-11T11:57:30.682000Z,2023-07-11T12:23:37.135000Z,2023-07-13T17:18:03.433000,2023-07-11T12:23:37.723327Z,1567,NOCODE,128,English,22,Female,White,United Kingdom,United Kingdom,United Kingdom,English,Yes,Part-Time
64ad43a1c48b40e42b25f961,5fa7f2d31418d35a96331337,APPROVED,2023-07-11T11:58:01.947000Z,2023-07-11T12:37:13.003000Z,2023-07-13T17:18:03.549000,2023-07-11T12:37:13.439819Z,2352,NOCODE,404,English,35,Female,Black,South Africa,South Africa,South Africa,English,Yes,Full-Time
64ad43a3440ca2421c7f5107,59e773565de9b000017ed296,APPROVED,2023-07-11T11:57:29.143000Z,2023-07-11T12:29:32.003000Z,2023-07-13T17:18:03.667000,2023-07-11T12:29:32.449125Z,1923,NOCODE,1538,English,58,Female,White,United Kingdom,United Kingdom,United Kingdom,English,No,Part-Time
64ad43b5eee17bf20aed802b,639895ed5a76d04e4ea078ba,APPROVED,2023-07-11T12:00:04.349000Z,2023-07-11T12:23:41.912000Z,2023-07-13T17:18:03.785000,2023-07-11T12:23:42.482374Z,1418,NOCODE,189,English,61,Male,White,United Kingdom,United Kingdom,United Kingdom,English,No,"Not in paid work (e.g. homemaker', 'retired or disabled)"
64ad43bf72485a29a19e64a7,5c72f9bf8711bf000139c5ee,APPROVED,2023-07-11T11:58:36.401000Z,2023-07-11T12:28:27.500000Z,2023-07-13T17:18:03.905000,2023-07-11T12:28:27.952253Z,1792,NOCODE,1845,English,56,Female,White,United Kingdom,United Kingdom,United Kingdom,English,No,DATA_EXPIRED
64ad43c255098fa3a8f53b84,5e8f5d82af20fc0890922b5d,APPROVED,2023-07-11T12:05:14.495000Z,2023-07-11T12:37:15.353000Z,2023-07-13T17:18:04.017000,2023-07-11T12:37:15.873169Z,1921,NOCODE,458,"English, French",25,Female,White,United Kingdom,United Kingdom,United Kingdom,English,No,Full-Time
64ad43c4abdd7ad98b271355,6005661289252e3e1d6528b6,APPROVED,2023-07-11T12:00:24.822000Z,2023-07-11T12:34:33.456000Z,2023-07-13T17:18:04.126000,2023-07-11T12:34:34.077915Z,2049,NOCODE,415,English,39,Male,Black,Zimbabwe,South Africa,Zimbabwe,English,No,Full-Time
64ad43c6b2e46937d25739aa,60b90060cd65332f5966520d,APPROVED,2023-07-11T11:59:35.649000Z,2023-07-11T12:47:26.667000Z,2023-07-13T17:18:04.244000,2023-07-11T12:47:27.067937Z,2872,NOCODE,70,English,34,Female,Black,South Africa,South Africa,South Africa,English,DATA_EXPIRED,DATA_EXPIRED
64ad43ce9211ae5be407b5f9,5e36965ded5a2b62bf438768,APPROVED,2023-07-11T11:58:26.461000Z,2023-07-11T12:21:08.647000Z,2023-07-13T17:18:04.371000,2023-07-11T12:21:09.183795Z,1363,NOCODE,806,English,33,Female,White,United Kingdom,United Kingdom,United Kingdom,English,Yes,Full-Time
64ad43d3b55c581d3b4774c7,5e12603776c03b8d43b40747,APPROVED,2023-07-11T11:58:30.096000Z,2023-07-11T12:23:57.848000Z,2023-07-13T17:18:04.490000,2023-07-11T12:23:58.604548Z,1528,NOCODE,463,English,42,Female,White,Ireland,Ireland,Ireland,English,No,Full-Time
64ad43d421a7a72e1627132f,6054ce9cd4e5c96ab84e9113,APPROVED,2023-07-11T11:58:36.495000Z,2023-07-11T12:51:51.565000Z,2023-07-13T17:18:04.605000,2023-07-11T12:51:52.114394Z,3196,NOCODE,214,English,25,Female,Black,South Africa,South Africa,South Africa,English,Yes,Unemployed (and job seeking)
64ad43d42b25c6d195477483,614683508ca64b3cbdd73b9b,APPROVED,2023-07-11T11:58:17.621000Z,2023-07-11T12:42:03.750000Z,2023-07-13T17:18:04.751000,2023-07-11T12:42:04.311545Z,2627,NOCODE,4,English,55,Female,White,United Kingdom,United Kingdom,United Kingdom,English,No,DATA_EXPIRED
64ad43d7a4f685438017963b,5ccab088f2532b0001b88aca,APPROVED,2023-07-11T11:58:41.679000Z,2023-07-11T12:25:30.357000Z,2023-07-13T17:18:04.894000,2023-07-11T12:25:31.265508Z,1609,NOCODE,736,English,46,Female,White,United Kingdom,United Kingdom,United Kingdom,English,No,Full-Time
64ad43d9cf7eaaf6ebdcf554,5f460f42238570236044cc5f,APPROVED,2023-07-11T11:58:41.523000Z,2023-07-11T12:28:48.917000Z,2023-07-13T17:18:05.044000,2023-07-11T12:28:49.401186Z,1808,NOCODE,504,English,74,Female,White,United Kingdom,United Kingdom,United Kingdom,English,No,"Not in paid work (e.g. homemaker', 'retired or disabled)"
64ad43dca801408ee80b4c16,5ee96e3da75e4919e8822d0c,APPROVED,2023-07-11T11:58:36.805000Z,2023-07-11T12:36:52.579000Z,2023-07-13T17:18:05.185000,2023-07-11T12:36:53.152235Z,2296,NOCODE,141,English,21,Male,White,United Kingdom,United Kingdom,United Kingdom,English,No,Unemployed (and job seeking)
64ad43e1dfe4db42d107b5af,56ba8b5730d6b3000cf85665,APPROVED,2023-07-11T11:58:30.364000Z,2023-07-11T12:37:31.240000Z,2023-07-13T17:18:05.337000,2023-07-11T12:37:31.761189Z,2341,NOCODE,1612,English,28,Female,White,United Kingdom,United Kingdom,United Kingdom,English,DATA_EXPIRED,DATA_EXPIRED
64ad43f5b804327d48a053ea,6097f813d541b6142fae8e7f,APPROVED,2023-07-11T11:59:01.076000Z,2023-07-11T12:20:39.170000Z,2023-07-13T17:18:05.482000,2023-07-11T12:20:39.615849Z,1299,NOCODE,592,English,48,Female,White,United Kingdom,United Kingdom,United Kingdom,English,No,Full-Time
64ad43f9fa5660f77c4cd739,62b058217bab8c4bfb03d164,APPROVED,2023-07-11T11:59:03.376000Z,2023-07-11T12:26:28.616000Z,2023-07-13T17:18:05.602000,2023-07-11T12:26:29.131727Z,1646,NOCODE,112,English,20,Male,White,United Kingdom,United Kingdom,United Kingdom,English,Yes,Unemployed (and job seeking)
64ad43fa077cf1028be95455,5b90696e50f7ce00016007aa,APPROVED,2023-07-11T11:58:59.188000Z,2023-07-11T12:31:04.504000Z,2023-07-13T17:18:05.719000,2023-07-11T12:31:04.939148Z,1926,NOCODE,998,English,71,Male,White,United Kingdom,United Kingdom,United Kingdom,English,No,"Not in paid work (e.g. homemaker', 'retired or disabled)"
64ad4404933475123e4cd759,5efc4bfd3ba857044cac4787,APPROVED,2023-07-11T11:59:13.733000Z,2023-07-11T12:28:36.310000Z,2023-07-13T17:18:05.835000,2023-07-11T12:28:36.843776Z,1763,NOCODE,1081,English,35,Female,White,United Kingdom,United Kingdom,United Kingdom,English,DATA_EXPIRED,DATA_EXPIRED
64ad440555626dd08a477467,60bbe5dac754ff6671006e16,APPROVED,2023-07-11T11:59:01.769000Z,2023-07-11T12:51:16.983000Z,2023-07-13T17:18:05.950000,2023-07-11T12:51:17.414769Z,3136,NOCODE,189,"Afrikaans, English, Swahili",22,Female,Black,South Africa,South Africa,South Africa,English,Yes,Other
64ad4409ec8952170937061c,64834a8161ac0edf4db754a6,APPROVED,2023-07-11T11:59:13.605000Z,2023-07-11T12:34:12.110000Z,2023-07-13T17:18:06.070000,2023-07-11T12:34:12.844838Z,2099,NOCODE,44,"English, French, Spanish, Other",49,Female,Mixed,Nigeria,United Kingdom,United Kingdom,English,No,Unemployed (and job seeking)
64ad440d933475123e4cd75a,5d34b50d1c65830019b18c1c,APPROVED,2023-07-11T11:59:17.319000Z,2023-07-11T12:41:26.312000Z,2023-07-13T17:18:06.193000,2023-07-11T12:41:27.126873Z,2529,NOCODE,705,English,55,Female,Other,United Kingdom,United Kingdom,United Kingdom,English,No,Full-Time
64ad441555098fa3a8f53ba0,60f1e6342ac723255a162810,APPROVED,2023-07-11T11:59:20.816000Z,2023-07-11T12:28:34.330000Z,2023-07-13T17:18:06.363000,2023-07-11T12:28:34.818839Z,1754,NOCODE,289,English,21,Female,White,United Kingdom,United Kingdom,United Kingdom,English,Yes,Other
64ad4419728331aa7c7ed8df,603415af8ffaaa1ada99d014,APPROVED,2023-07-11T12:04:34.494000Z,2023-07-11T13:38:55.047000Z,2023-07-13T17:18:06.493000,2023-07-11T13:38:55.689064Z,5661,NOCODE,269,English,48,Female,Black,United States,South Africa,South Africa,English,No,Unemployed (and job seeking)
64ad442c075fd362c6f1f933,60ba46327fecef005d8eeb87,APPROVED,2023-07-11T11:59:51.165000Z,2023-07-11T13:16:31.535000Z,2023-07-13T17:18:06.613000,2023-07-11T13:16:32.160539Z,4601,NOCODE,270,English,24,Female,Black,Zimbabwe,Poland,Zimbabwe,English,Yes,Unemployed (and job seeking)
64ad442dadd6aad94b370652,5f356b8d0535c7518ca3eee9,APPROVED,2023-07-11T11:59:56.021000Z,2023-07-11T12:33:09.927000Z,2023-07-13T17:18:06.741000,2023-07-11T12:33:11.525344Z,1994,NOCODE,423,"Afrikaans, English",62,Female,Mixed,South Africa,South Africa,South Africa,English,No,Full-Time
64ad4437f81f328da2f53574,5f9438d53cc3b123a695b636,APPROVED,2023-07-11T11:59:56.030000Z,2023-07-11T12:37:44.834000Z,2023-07-13T17:18:06.863000,2023-07-11T12:37:45.348835Z,2269,NOCODE,916,English,54,Female,White,United Kingdom,United Kingdom,United Kingdom,English,No,"Not in paid work (e.g. homemaker', 'retired or disabled)"
64ad443b551bece81cd83e18,6078941143fd5306c860164f,APPROVED,2023-07-11T11:59:55.916000Z,2023-07-11T12:54:52.747000Z,2023-07-13T17:18:06.984000,2023-07-11T12:54:53.340927Z,3297,NOCODE,216,"English, Afrikaans",22,Female,Black,South Africa,South Africa,South Africa,English,Yes,Part-Time
64ad443dd6a00d42b0755298,601fe031252f6055b5ee2571,APPROVED,2023-07-11T12:02:27.254000Z,2023-07-11T12:23:47.488000Z,2023-07-13T17:18:07.097000,2023-07-11T12:23:48.209348Z,1281,NOCODE,223,English,38,Female,White,United Kingdom,United Kingdom,United Kingdom,English,Yes,Full-Time
64ad44412cc05053f2e0e799,5f5c983ce742b548181ef1e7,APPROVED,2023-07-11T12:09:40.664000Z,2023-07-11T13:03:37.641000Z,2023-07-13T17:18:07.226000,2023-07-11T13:03:54.079694Z,3237,NOCODE,474,"Afrikaans, English",23,Female,Black,South Africa,South Africa,South Africa,English,No,Full-Time
64ad4443ed4d614bfe63e27f,5ff4b6020c041ec0fd5b6597,APPROVED,2023-07-11T12:00:10.294000Z,2023-07-11T12:29:25.440000Z,2023-07-13T17:18:07.341000,2023-07-11T12:29:26.041050Z,1756,No code provided!,85,English,41,Female,White,United Kingdom,United Kingdom,United Kingdom,English,No,Part-Time
64ad44440b426ff41a83b6ba,60bbf58b439332c544167c24,RETURNED,2023-07-11T12:00:09.272000Z,2023-07-11T12:25:06.965000Z,,2023-07-11T12:25:07.724000Z,,NOCODE,92,CONSENT_REVOKED,CONSENT_REVOKED,CONSENT_REVOKED,CONSENT_REVOKED,CONSENT_REVOKED,CONSENT_REVOKED,CONSENT_REVOKED,CONSENT_REVOKED,CONSENT_REVOKED,CONSENT_REVOKED
64ad4444933475123e4cd76c,60abafb26c818a0b6bb6b102,APPROVED,2023-07-11T12:02:53.618000Z,2023-07-11T12:51:15.915000Z,2023-07-13T17:18:07.455000,2023-07-11T12:51:16.664812Z,2903,NOCODE,176,English,25,Male,Black,South Africa,South Africa,South Africa,English,Yes,Unemployed (and job seeking)
64ad444606211bb8c06a444e,600c076036051a2e189d19f2,APPROVED,2023-07-11T12:01:19.173000Z,2023-07-11T12:38:14.297000Z,2023-07-13T17:18:07.575000,2023-07-11T12:38:14.821258Z,2216,NOCODE,160,English,35,Female,Black,South Africa,South Africa,South Africa,English,Yes,Full-Time
64ad444798c9ce82dc1696fc,5fbaab3a72702f86dacb4152,APPROVED,2023-07-11T12:00:12.932000Z,2023-07-11T12:35:14.882000Z,2023-07-13T17:18:07.692000,2023-07-11T12:35:15.346695Z,2102,NOCODE,571,English,35,Female,White,United Kingdom,United Kingdom,United Kingdom,English,No,"Not in paid work (e.g. homemaker', 'retired or disabled)"
64ad444ac0a6b3223316972c,61718775a3668e2707f26d98,APPROVED,2023-07-11T12:00:13.862000Z,2023-07-11T12:32:14.933000Z,2023-07-13T17:18:07.803000,2023-07-11T12:32:15.575873Z,1922,NOCODE,599,English,66,Female,White,United Kingdom,United Kingdom,United Kingdom,English,No,"Not in paid work (e.g. homemaker', 'retired or disabled)"
64ad444b8c32b3d2c0c19023,60008d84492c15142cb897b3,APPROVED,2023-07-11T12:00:16.229000Z,2023-07-11T12:29:45.474000Z,2023-07-13T17:18:07.914000,2023-07-11T12:29:46.025165Z,1770,NOCODE,408,English,36,Female,White,United Kingdom,United Kingdom,United Kingdom,English,No,Full-Time
64ad444f8c32b3d2c0c19024,5fb6bb7c19e6d00f86af4633,APPROVED,2023-07-11T12:00:29.660000Z,2023-07-11T12:46:43.335000Z,2023-07-13T17:18:08.035000,2023-07-11T12:46:43.881370Z,2774,NOCODE,443,English,25,Female,Black,South Africa,South Africa,South Africa,English,No,Unemployed (and job seeking)
64ad44539789afc7c4f3a751,6069f79ec79ffbbeaf2ae8eb,APPROVED,2023-07-11T12:02:56.076000Z,2023-07-11T12:44:58.191000Z,2023-07-13T17:18:08.147000,2023-07-11T12:45:02.723393Z,2523,6069f79ec79ffbbeaf2ae8eb,16,English,23,Female,Black,South Africa,South Africa,South Africa,English,No,Unemployed (and job seeking)
64ad4454fcf43bb89e5995f3,60e7568c4852517f1a4135a1,APPROVED,2023-07-11T12:00:26.723000Z,2023-07-11T12:13:56.589000Z,2023-07-13T17:18:08.271000,2023-07-11T12:13:57.080919Z,810,NOCODE,125,English,38,Female,White,Ireland,Ireland,Ireland,English,No,Full-Time
64ad4456b2e46937d25739cf,63dbddb434d075a0bff1dbc7,APPROVED,2023-07-11T12:00:43.693000Z,2023-07-11T12:24:34.429000Z,2023-07-13T17:18:08.388000,2023-07-11T12:24:34.954369Z,1431,NOCODE,222,English,53,Female,White,United Kingdom,United Kingdom,United Kingdom,English,No,Full-Time
64ad4462b804327d48a0540d,60a5404314ae1a9d5b88565d,APPROVED,2023-07-11T12:00:43.611000Z,2023-07-11T12:40:28.829000Z,2023-07-13T17:18:08.507000,2023-07-11T12:40:29.363369Z,2386,NOCODE,388,English,42,Female,Black,Zimbabwe,South Africa,Zimbabwe,English,No,Full-Time
64ad44630a4f1f5c1c276abb,60aac2137954982efe1026c0,APPROVED,2023-07-11T12:00:35.769000Z,2023-07-11T12:32:41.093000Z,2023-07-13T17:18:08.623000,2023-07-11T12:32:41.902365Z,1926,NOCODE,149,English,29,Male,Black,Zimbabwe,South Africa,Zimbabwe,English,No,Full-Time
64ad446b83eb7d045e7e97d6,602d2adcef81ce6b843da09b,APPROVED,2023-07-11T12:01:27.094000Z,2023-07-11T12:27:51.592000Z,2023-07-13T17:18:08.743000,2023-07-11T12:27:52.632263Z,1585,NOCODE,301,English,20,Male,White,South Africa,South Africa,South Africa,English,Yes,Other
64ad4470bf55b8be6de0276d,60bb3b463887c2f9d1385cce,APPROVED,2023-07-11T12:00:51.706000Z,2023-07-11T12:31:44.240000Z,2023-07-13T17:18:08.856000,2023-07-11T12:31:44.746207Z,1853,NOCODE,1337,English,31,Male,White,United Kingdom,United Kingdom,United Kingdom,English,Yes,Part-Time
64ad44721c9d95af273cebb3,631609c541905b75bd84f002,APPROVED,2023-07-11T12:00:54.527000Z,2023-07-11T12:19:51.027000Z,2023-07-13T17:18:08.975000,2023-07-11T12:19:51.606020Z,1137,NOCODE,435,English,36,Female,White,United Kingdom,United Kingdom,United Kingdom,English,DATA_EXPIRED,DATA_EXPIRED
64ad44751df39b8c7df2cacd,63c5843c840c0bc68ed46b81,APPROVED,2023-07-11T12:01:27.244000Z,2023-07-11T12:26:05.417000Z,2023-07-13T17:18:09.144000,2023-07-11T12:26:06.229638Z,1479,NOCODE,41,"English, Pashto",26,Male,Asian,United Kingdom,United Kingdom,United Kingdom,English,No,Part-Time
64ad44760dfb5ff9d994e156,5ddfa82bb28cf701132e7a78,APPROVED,2023-07-11T12:00:56.639000Z,2023-07-11T12:24:19.641000Z,2023-07-13T17:18:09.269000,2023-07-11T12:24:20.126899Z,1404,NOCODE,900,English,65,Male,White,United Kingdom,United Kingdom,United Kingdom,English,No,"Not in paid work (e.g. homemaker', 'retired or disabled)"
64ad447772485a29a19e64cb,5e71ab071b6e9c0d4c356574,APPROVED,2023-07-11T12:00:55.075000Z,2023-07-11T12:44:59.661000Z,2023-07-13T17:18:09.380000,2023-07-11T12:45:00.135907Z,2645,NOCODE,666,English,66,Female,White,Netherlands,Australia,Netherlands,English,No,Unemployed (and job seeking)
64ad4480dfe4db42d107b5d8,5d51496d0d608800192c7a6c,APPROVED,2023-07-11T12:01:07.016000Z,2023-07-11T12:16:51.951000Z,2023-07-13T17:18:09.494000,2023-07-11T12:17:10.879157Z,945,NOCODE,321,English,28,Female,White,United Kingdom,United Kingdom,United Kingdom,English,DATA_EXPIRED,DATA_EXPIRED
64ad448c72b661ccaeff6e4b,5edf8803c008532459792282,APPROVED,2023-07-11T12:02:53.891000Z,2023-07-11T13:00:11.887000Z,2023-07-13T17:18:09.615000,2023-07-11T13:00:12.354664Z,3438,NOCODE,993,English,38,Male,White,Sweden,Australia,Australia,English,No,Other
64ad449136db7bf9c9362159,60b880518b31da36270782eb,APPROVED,2023-07-11T12:01:21.799000Z,2023-07-11T13:42:43.053000Z,2023-07-13T17:18:09.741000,2023-07-11T13:42:43.624131Z,6082,NOCODE,385,"English, Afrikaans",29,Female,Black,South Africa,South Africa,South Africa,English,No,Full-Time
64ad44937eb8bbe4bd86b666,62e96a0fedf3eba36804ff8f,APPROVED,2023-07-11T12:01:47.957000Z,2023-07-11T12:32:08.995000Z,2023-07-13T17:18:09.859000,2023-07-11T12:32:09.517479Z,1822,NOCODE,425,English,51,Female,White,United Kingdom,United Kingdom,United Kingdom,English,No,Part-Time
64ad44978c32b3d2c0c19044,616abe2a4179e0e3aa295f8e,APPROVED,2023-07-11T12:01:31.462000Z,2023-07-11T12:42:53.982000Z,2023-07-13T17:18:09.986000,2023-07-11T12:42:54.374594Z,2483,NOCODE,333,English,67,Female,White,Germany,United Kingdom,United Kingdom,English,No,"Not in paid work (e.g. homemaker', 'retired or disabled)"
64ad449a43d1641b6a4aaf2b,609343d3661501831e99ce8f,APPROVED,2023-07-11T12:01:35.894000Z,2023-07-11T12:38:38.158000Z,2023-07-13T17:18:10.403000,2023-07-11T12:38:38.911439Z,2223,C1RRNABN,416,English,55,Female,White,Canada,Canada,Canada,English,No,Full-Time
64ad449e395c1f8e8843b14b,64964aa1f009a15f6e5514f9,APPROVED,2023-07-11T12:04:06.014000Z,2023-07-11T13:06:36.831000Z,2023-07-13T17:18:10.556000,2023-07-11T13:06:37.948612Z,3751,NOCODE,8,English,40,Female,White,Australia,New Zealand,Australia,English,Yes,Other
64ad44a0b40a0a7be2271326,63fa26eac1c86fa597131481,APPROVED,2023-07-11T12:02:19.579000Z,2023-07-11T12:41:11.639000Z,2023-07-13T17:18:10.724000,2023-07-11T12:41:12.122688Z,2333,NOCODE,197,English,62,Female,White,United Kingdom,United Kingdom,United Kingdom,English,No,"Not in paid work (e.g. homemaker', 'retired or disabled)"
64ad44a18731a57fd77f5125,5d28e4a39c0abf0001914784,APPROVED,2023-07-11T12:01:41.459000Z,2023-07-11T12:22:51.128000Z,2023-07-13T17:18:10.877000,2023-07-11T12:22:51.601507Z,1270,NOCODE,232,English,31,Female,White,United Kingdom,United Kingdom,United Kingdom,English,No,Part-Time
64ad44a1fcf4334a8186b63d,5f31af089c42ef0ba3d6b150,APPROVED,2023-07-11T12:02:12.764000Z,2023-07-11T12:33:03.770000Z,2023-07-13T17:18:11.016000,2023-07-11T12:33:04.375172Z,1852,NOCODE,847,English,26,Female,White,United Kingdom,United Kingdom,United Kingdom,English,No,"Not in paid work (e.g. homemaker', 'retired or disabled)"
64ad44a2678d28c04e3e7c2a,5efcbd999aad650a6e316a7f,APPROVED,2023-07-11T12:01:42.347000Z,2023-07-11T12:30:01.789000Z,2023-07-13T17:18:11.162000,2023-07-11T12:30:02.308672Z,1700,NOCODE,600,English,45,Female,White,United Kingdom,United Kingdom,United Kingdom,English,No,Other
64ad44a3872682d2f15429e2,6058f44ba5dd4d83cc64bb21,APPROVED,2023-07-11T12:01:47.258000Z,2023-07-11T12:30:32.840000Z,2023-07-13T17:18:11.278000,2023-07-11T12:30:33.322621Z,1726,NOCODE,127,"English, Afrikaans",22,Female,Black,South Africa,South Africa,South Africa,English,Yes,Unemployed (and job seeking)
64ad44a3b40a0a7be2271327,603e398b791c600929143195,APPROVED,2023-07-11T12:10:09.696000Z,2023-07-11T13:39:43.643000Z,2023-07-13T17:18:11.396000,2023-07-11T13:39:44.247081Z,5374,NOCODE,303,English,21,Male,Black,South Africa,South Africa,South Africa,English,No,Unemployed (and job seeking)
64ad44a3fb611586621d1564,5cb24ee57a55ff00168880b3,APPROVED,2023-07-11T12:02:06.330000Z,2023-07-11T12:27:40.976000Z,2023-07-13T17:18:11.526000,2023-07-11T12:27:41.474699Z,1535,NOCODE,1392,English,54,Female,White,United Kingdom,United Kingdom,United Kingdom,English,No,"Not in paid work (e.g. homemaker', 'retired or disabled)"
64ad44a880c957ad68f53b5b,5c61f1ba31489a0001fa8504,APPROVED,2023-07-11T12:08:19.422000Z,2023-07-11T12:43:19.825000Z,2023-07-13T17:18:11.679000,2023-07-11T12:43:20.306521Z,2101,NOCODE,157,English,42,Female,White,United Kingdom,United Kingdom,United Kingdom,English,DATA_EXPIRED,DATA_EXPIRED
64ad44acadd6aad94b370676,6112892b5e6ad30da6d84b9e,APPROVED,2023-07-11T12:01:53.693000Z,2023-07-11T12:39:23.201000Z,2023-07-13T17:18:11.789000,2023-07-11T12:39:23.953219Z,2250,NOCODE,673,English,57,Female,White,United Kingdom,United Kingdom,United Kingdom,English,No,"Not in paid work (e.g. homemaker', 'retired or disabled)"
64ad44ad722884c61e94d8c6,594e2ffc27f8fb000162078b,APPROVED,2023-07-11T12:01:53.975000Z,2023-07-11T12:24:15.317000Z,2023-07-13T17:18:11.902000,2023-07-11T12:24:15.872423Z,1342,NOCODE,1527,English,44,Female,White,United Kingdom,United Kingdom,United Kingdom,English,No,Part-Time
64ad44adf81f328da2f5358d,6003f87a5cc6b04174b083d6,APPROVED,2023-07-11T12:01:53.986000Z,2023-07-11T12:50:40.048000Z,2023-07-13T17:18:12.019000,2023-07-11T12:50:40.504043Z,2927,NOCODE,126,English,26,Female,Black,South Africa,South Africa,South Africa,English,Yes,Unemployed (and job seeking)
64ad44ae705638f42a2aaa47,5c4f7b99b33a5300013dbfdd,APPROVED,2023-07-11T12:01:54.385000Z,2023-07-11T12:28:39.410000Z,2023-07-13T17:18:12.128000,2023-07-11T12:28:40.161368Z,1606,NOCODE,1529,English,27,Female,White,United Kingdom,United Kingdom,United Kingdom,English,No,Full-Time
64ad44b2a8dd6f0382ed8025,602c5fd808e6c3528a8ba43b,APPROVED,2023-07-11T12:02:01.619000Z,2023-07-11T12:47:03.570000Z,2023-07-13T17:18:12.241000,2023-07-11T12:47:04.073272Z,2702,NOCODE,1359,English,22,Male,Asian,United States,United States,United States,English,DATA_EXPIRED,DATA_EXPIRED
64ad44b3f62144c702c1b51a,5928947add1a250001b4e859,APPROVED,2023-07-11T12:01:59.495000Z,2023-07-11T12:39:09.675000Z,2023-07-13T17:18:12.355000,2023-07-11T12:39:10.717325Z,2231,NOCODE,1227,English,44,Male,White,United Kingdom,United Kingdom,United Kingdom,English,DATA_EXPIRED,DATA_EXPIRED
64ad44b41f7ad7179d43b18f,5788c16f275be600013590a8,APPROVED,2023-07-11T12:02:50.498000Z,2023-07-11T12:52:43.290000Z,2023-07-13T17:18:12.472000,2023-07-11T12:52:44.397036Z,2993,NOCODE,899,English,46,Female,White,United Kingdom,United Kingdom,United Kingdom,English,No,Full-Time
64ad44b42007c9abc3e0e7ef,58c57ce2a47dbb000171c9ca,APPROVED,2023-07-11T12:02:14.850000Z,2023-07-11T12:29:14.757000Z,2023-07-13T17:18:12.594000,2023-07-11T12:29:15.310921Z,1620,NOCODE,456,English,41,Female,White,United Kingdom,United Kingdom,United Kingdom,English,No,"Not in paid work (e.g. homemaker', 'retired or disabled)"
64ad44b4433b185acc5c833e,5c3476a2f5ebd50001841284,APPROVED,2023-07-11T12:02:00.374000Z,2023-07-11T13:36:15.453000Z,2023-07-13T17:18:12.712000,2023-07-11T13:37:19.996730Z,5656,NOCODE,1829,"English, Italian",42,Male,White,United Kingdom,United Kingdom,United Kingdom,English,No,Full-Time
64ad44b6f2c5be10ba9e64ab,5c75779b280f660019d7ca5f,APPROVED,2023-07-11T12:02:03.630000Z,2023-07-11T12:33:41.948000Z,2023-07-13T17:18:12.821000,2023-07-11T12:33:42.491149Z,1899,NOCODE,126,English,23,Female,Mixed,United Kingdom,United Kingdom,United Kingdom,English,No,Unemployed (and job seeking)
64ad44b6f98adc3245c1b4fe,6075ecc30e7921c183644eaa,APPROVED,2023-07-11T12:02:03.817000Z,2023-07-11T12:32:45.045000Z,2023-07-13T17:18:12.937000,2023-07-11T12:32:45.707025Z,1842,NOCODE,236,English,25,Female,White,United Kingdom,United Kingdom,United Kingdom,English,Yes,DATA_EXPIRED
64ad44b88dde5615f383ca3c,55117d8dfdf99b6593ea5236,APPROVED,2023-07-11T12:02:02.797000Z,2023-07-11T12:15:56.013000Z,2023-07-13T17:18:13.058000,2023-07-11T12:15:57.507966Z,834,NOCODE,825,English,36,Female,White,United Kingdom,United Kingdom,United Kingdom,English,No,Full-Time
64ad44b8b10ced9ff4a851b0,607e6e60568d9d3b270c7ef8,APPROVED,2023-07-11T12:02:05.856000Z,2023-07-11T12:32:56.319000Z,2023-07-13T17:18:13.180000,2023-07-11T12:32:56.770676Z,1851,NOCODE,863,English,53,Female,White,United Kingdom,United Kingdom,United Kingdom,English,No,Full-Time
64ad44bb44cc31e90569567b,5c32c343da51990001e538d1,APPROVED,2023-07-11T12:02:29.755000Z,2023-07-11T12:29:39.148000Z,2023-07-13T17:18:13.308000,2023-07-11T12:29:39.577866Z,1630,NOCODE,767,English,42,Female,White,Canada,Canada,Canada,English,No,Full-Time
64ad44bf722884c61e94d8cb,5bc35154e7382100017cb9ef,APPROVED,2023-07-11T12:02:59.681000Z,2023-07-11T12:38:47.438000Z,2023-07-13T17:18:13.418000,2023-07-11T12:38:48.171465Z,2148,NOCODE,1503,English,74,Female,White,United Kingdom,United Kingdom,United Kingdom,English,No,"Not in paid work (e.g. homemaker', 'retired or disabled)"
64ad44c22c52d948f533c015,6165ed9d217fc0d814b2b6ce,APPROVED,2023-07-11T12:02:12.656000Z,2023-07-11T12:24:14.231000Z,2023-07-13T17:18:13.530000,2023-07-11T12:24:14.878875Z,1322,No code given at the end of study,81,English,22,Female,White,United Kingdom,United Kingdom,United Kingdom,English,No,Full-Time
64ad44c27eb8bbe4bd86b672,647e06e4564c6d08e99046a2,APPROVED,2023-07-11T12:05:24.683000Z,2023-07-11T12:32:15.314000Z,2023-07-13T17:18:13.656000,2023-07-11T12:32:16.454901Z,1611,NOCODE,39,English,36,Male,White,United Kingdom,United Kingdom,United Kingdom,English,No,DATA_EXPIRED
64ad44c6f98adc3245c1b503,6097ec1a8c0b4df21cbb9024,APPROVED,2023-07-11T12:02:14.757000Z,2023-07-11T12:38:39.753000Z,2023-07-13T17:18:13.769000,2023-07-11T12:38:40.220745Z,2185,NOCODE,464,"Afrikaans, English",43,Male,White,South Africa,South Africa,South Africa,English,No,Full-Time
64ad44c7a0ab2a32c1c19045,5f61ba7cfdaccd165da6985b,APPROVED,2023-07-11T12:02:23.342000Z,2023-07-11T12:26:44.196000Z,2023-07-13T17:18:13.886000,2023-07-11T12:26:44.691379Z,1461,NOCODE,580,English,45,Male,Asian,New Zealand,New Zealand,New Zealand,English,DATA_EXPIRED,DATA_EXPIRED
64ad44c9438f397b4125f978,63469f35701f6b1eb1e76b1f,APPROVED,2023-07-11T12:02:20.584000Z,2023-07-11T12:35:14.826000Z,2023-07-13T17:18:14.012000,2023-07-11T12:35:15.237987Z,1975,NOCODE,419,English,53,Male,White,United Kingdom,United Kingdom,United Kingdom,English,No,"Not in paid work (e.g. homemaker', 'retired or disabled)"
64ad44d45129ec26c0f5b301,6088e7b7d327c199db58cf61,APPROVED,2023-07-11T12:02:32.773000Z,2023-07-11T12:42:53.015000Z,2023-07-13T17:18:14.138000,2023-07-11T12:42:53.479569Z,2421,NOCODE,390,English,32,Male,Black,Ghana,Korea,Ghana,English,Yes,Full-Time
64ad44ddaa48f0e0bb0b4c39,5e57e67bb836e0000d222062,APPROVED,2023-07-11T12:02:42.402000Z,2023-07-11T12:35:19.289000Z,2023-07-13T17:18:14.258000,2023-07-11T12:35:19.923027Z,1957,NOCODE,1230,English,57,Female,White,United Kingdom,United Kingdom,United Kingdom,English,Yes,"Not in paid work (e.g. homemaker', 'retired or disabled)"
64ad44e99d18d3f35494e198,5ca3f484771e310017543f87,APPROVED,2023-07-11T12:02:54.848000Z,2023-07-11T12:47:03.878000Z,2023-07-13T17:18:14.370000,2023-07-11T12:47:04.330530Z,2650,NOCODE,592,"English, French",41,Female,White,Canada,Canada,Canada,English,No,Full-Time
64ad44eb09f6ae5a08276aa2,5e93a8cc1872a71f0aee8656,APPROVED,2023-07-11T12:07:55.519000Z,2023-07-11T12:42:12.215000Z,2023-07-13T17:18:14.484000,2023-07-11T12:42:12.652946Z,2057,NOCODE,565,English,DATA_EXPIRED,Female,White,United Kingdom,United Kingdom,United Kingdom,English,Yes,DATA_EXPIRED
64ad44ecf81f328da2f5359b,569c01a19e8363000b2ffa33,APPROVED,2023-07-11T12:02:56.939000Z,2023-07-11T12:23:40.089000Z,2023-07-13T17:18:14.602000,2023-07-11T12:23:40.623781Z,1244,NOCODE,444,English,49,Female,White,United Kingdom,United Kingdom,United Kingdom,English,No,Part-Time
64ad44f043d1641b6a4aaf57,623478b74666adc4ae9be6ab,APPROVED,2023-07-11T12:03:00.510000Z,2023-07-11T12:28:06.255000Z,2023-07-13T17:18:14.725000,2023-07-11T12:28:08.926334Z,1506,NOCODE,785,English,32,Male,White,United Kingdom,United Kingdom,United Kingdom,English,No,Full-Time
64ad44f1d522330ef37e9814,5f4fbebb8bb76c0c01881651,APPROVED,2023-07-11T12:03:02.813000Z,2023-07-11T12:34:03.337000Z,2023-07-13T17:18:14.846000,2023-07-11T12:34:04.149361Z,1861,NOCODE,1109,English,60,Female,White,United Kingdom,United Kingdom,United Kingdom,English,No,DATA_EXPIRED
64ad44f2e5e2edb2b4276a7e,60e197c98498a8f2baa8bc24,APPROVED,2023-07-11T12:03:05.607000Z,2023-07-11T12:45:48.059000Z,2023-07-13T17:18:15.014000,2023-07-11T12:45:48.556446Z,2563,NOCODE,482,"Dutch, English",50,Male,White,Netherlands,Australia,Netherlands,English,No,Full-Time
64ad44f3a9dd37126133bff6,5fbb9d170045d6d085a9bbbf,APPROVED,2023-07-11T12:07:03.703000Z,2023-07-11T13:06:47.449000Z,2023-07-13T17:18:15.137000,2023-07-11T13:06:49.394705Z,3584,NOCODE,512,English,28,Female,Black,South Africa,South Africa,South Africa,English,Yes,Part-Time
64ad44f43457b7be46dfc8b9,5d2dbd506258f0000130b971,APPROVED,2023-07-11T12:03:05.027000Z,2023-07-11T12:33:44.083000Z,2023-07-13T17:18:15.269000,2023-07-11T12:33:44.596763Z,1840,NOCODE,572,English,56,Male,White,United Kingdom,United Kingdom,United Kingdom,English,No,DATA_EXPIRED
64ad44f6d522330ef37e9815,60fd1fd2b71ce21f7ee6e870,APPROVED,2023-07-11T12:05:15.124000Z,2023-07-11T12:33:11.667000Z,2023-07-13T17:18:15.387000,2023-07-11T12:33:12.321020Z,1677,NOCODE,276,English,20,Female,White,Canada,Canada,Canada,English,No,"Not in paid work (e.g. homemaker', 'retired or disabled)"
64ad44f6df5743d2e4f1f936,636a740f2956031d8abf5bf1,APPROVED,2023-07-11T12:04:03.297000Z,2023-07-11T12:41:45.718000Z,2023-07-13T17:18:15.505000,2023-07-11T12:41:46.267212Z,2263,NOCODE,351,English,52,Female,White,United Kingdom,United Kingdom,United Kingdom,English,No,Full-Time
64ad44fc92a700af1137ef3e,5de803ec45971077fcc114bc,APPROVED,2023-07-11T12:03:12.303000Z,2023-07-11T12:30:54.667000Z,2023-07-13T17:18:15.621000,2023-07-11T12:30:55.227978Z,1663,NOCODE,877,English,69,Female,White,United Kingdom,United Kingdom,United Kingdom,English,DATA_EXPIRED,DATA_EXPIRED
64ad4502fa644d20da092b63,5ec4f7c3fd704d416a5087d2,APPROVED,2023-07-11T12:04:16.604000Z,2023-07-11T12:36:52.419000Z,2023-07-13T17:18:15.768000,2023-07-11T12:36:52.993613Z,1956,NOCODE,587,English,49,Male,White,United Kingdom,United Kingdom,United Kingdom,English,No,Full-Time
64ad450463e064a69a0a0129,5bf7be3abd1fd30001aa5498,APPROVED,2023-07-11T12:03:34.719000Z,2023-07-11T12:31:50.532000Z,2023-07-13T17:18:15.879000,2023-07-11T12:31:51.070861Z,1696,NOCODE,29,English,32,Female,DATA_EXPIRED,United Kingdom,United Kingdom,United Kingdom,English,No,Part-Time
64ad4509994f98dae74ce50e,6125067aa09e6b144c8ec8b6,APPROVED,2023-07-11T12:03:25.575000Z,2023-07-11T12:22:41.754000Z,2023-07-13T17:18:15.995000,2023-07-11T12:22:42.248301Z,1157,NOCODE,582,English,63,Female,White,United Kingdom,United Kingdom,United Kingdom,English,No,"Not in paid work (e.g. homemaker', 'retired or disabled)"
64ad450cd85377468917d2e5,5fad0a601ab00734f83bf339,APPROVED,2023-07-11T12:03:24.332000Z,2023-07-11T12:46:34.065000Z,2023-07-13T17:18:16.108000,2023-07-11T12:46:34.562871Z,2590,NOCODE,219,English,24,Male,Black,South Africa,South Africa,South Africa,English,No,Unemployed (and job seeking)
64ad450d9dcfa8ea511d15a0,5fd25420fc18fb0008f9e30e,APPROVED,2023-07-11T12:03:47.534000Z,2023-07-11T13:08:37.112000Z,2023-07-13T17:18:16.222000,2023-07-11T13:08:40.334723Z,3890,NOCODE,381,English,22,Female,Black,South Africa,South Africa,South Africa,English,Yes,DATA_EXPIRED
64ad45101f7ad7179d43b1ab,6303b4c05665ebafc44b5f19,APPROVED,2023-07-11T12:03:30.625000Z,2023-07-11T12:25:07.925000Z,2023-07-13T17:18:16.346000,2023-07-11T12:25:08.483356Z,1298,NOCODE,305,English,24,Female,White,United Kingdom,United Kingdom,United Kingdom,English,No,"Not in paid work (e.g. homemaker', 'retired or disabled)"
64ad45102b802beb964aaefd,5a3996f6ae52e600010a0192,APPROVED,2023-07-11T12:04:46.438000Z,2023-07-11T12:49:58.260000Z,2023-07-13T17:18:16.483000,2023-07-11T12:49:58.761417Z,2712,NOCODE,505,English,36,Female,White,United Kingdom,United Kingdom,United Kingdom,English,DATA_EXPIRED,DATA_EXPIRED
64ad4511792c7242765fae09,59d4b503e59146000112e521,APPROVED,2023-07-11T12:03:32.838000Z,2023-07-11T12:37:04.646000Z,2023-07-13T17:18:20.980000,2023-07-11T12:37:05.296567Z,2012,NOCODE,358,English,43,Female,Asian,Hong Kong,United Kingdom,United Kingdom,English,DATA_EXPIRED,DATA_EXPIRED
64ad45151c9d95af273cebe0,64147bd031fe8ffa29c456ed,APPROVED,2023-07-11T12:03:38.171000Z,2023-07-11T12:41:33.963000Z,2023-07-13T17:18:21.169000,2023-07-11T12:41:34.479835Z,2276,NOCODE,96,English,22,Male,White,United Kingdom,Italy,United Kingdom,English,No,Unemployed (and job seeking)
64ad4515d2aab0feeb702636,5d1c9d39ff67e3000140ca87,APPROVED,2023-07-11T12:03:33.347000Z,2023-07-11T12:32:18.062000Z,2023-07-13T17:18:21.310000,2023-07-11T12:32:18.564840Z,1725,NOCODE,1604,English,59,Male,White,United Kingdom,United Kingdom,United Kingdom,English,No,"Not in paid work (e.g. homemaker', 'retired or disabled)"
64ad45177326bc2ab5c2e1b6,60b9f1fe58782eeab6372f1c,APPROVED,2023-07-11T12:03:35.015000Z,2023-07-11T12:43:45.509000Z,2023-07-13T17:18:21.461000,2023-07-11T12:43:46.330470Z,2411,NOCODE,652,"Afrikaans, English",35,Male,White,South Africa,South Africa,South Africa,English,No,Full-Time
64ad4518fcf4334a8186b65f,644033622f87627e42b9f41e,APPROVED,2023-07-11T12:03:42.521000Z,2023-07-11T12:35:17.496000Z,2023-07-13T17:18:21.609000,2023-07-11T12:35:17.955116Z,1895,NOCODE,111,English,63,Male,White,United Kingdom,United Kingdom,United Kingdom,English,No,"Not in paid work (e.g. homemaker', 'retired or disabled)"
64ad45260b426ff41a83b701,5e946bbcc6ec097a16d2bc22,APPROVED,2023-07-11T12:03:55.263000Z,2023-07-11T12:43:09.899000Z,2023-07-13T17:18:21.728000,2023-07-11T12:43:10.493966Z,2355,NOCODE,836,English,41,Female,White,United Kingdom,United Kingdom,United Kingdom,English,No,Part-Time
64ad4534fa644d20da092b6e,6075e12159e69162ee283711,APPROVED,2023-07-11T12:05:04.342000Z,2023-07-11T13:02:17.603000Z,2023-07-13T17:18:21.842000,2023-07-11T13:02:34.840649Z,3434,NOCODE,377,English,25,Female,Black,South Africa,South Africa,South Africa,English,DATA_EXPIRED,DATA_EXPIRED
64ad453df96639ffc783b6d0,601903a3842bcc20df15b296,APPROVED,2023-07-11T12:04:13.779000Z,2023-07-11T12:46:50.219000Z,2023-07-13T17:18:21.962000,2023-07-11T12:46:50.740058Z,2557,NOCODE,540,English,34,Male,Black,South Africa,South Africa,South Africa,English,No,Part-Time
64ad4555e5e2edb2b4276a9a,5e2f2afece5e9a4ef7de8452,APPROVED,2023-07-11T12:05:24.102000Z,2023-07-11T12:42:56.140000Z,2023-07-13T17:18:22.097000,2023-07-11T12:42:56.738080Z,2253,NOCODE,1034,English,42,Female,Mixed,United Kingdom,United Kingdom,United Kingdom,English,No,"Not in paid work (e.g. homemaker', 'retired or disabled)"
64ad458553fbd8e5286a446e,59f6fb1cda08940001d4e8e5,APPROVED,2023-07-11T12:05:29.607000Z,2023-07-11T13:25:19.325000Z,2023-07-13T17:18:22.224000,2023-07-11T13:25:19.946448Z,4790,NOCODE,736,English,39,Male,White,United Kingdom,United Kingdom,United Kingdom,English,No,Part-Time
64ad4665ad3a908e327f5129,60009ee6d7db7017e5bbadd1,APPROVED,2023-07-11T12:09:13.610000Z,2023-07-11T13:48:32.691000Z,2023-07-13T17:18:22.345000,2023-07-11T13:49:07.992597Z,5960,NOCODE,704,English,26,Male,Mixed,New Zealand,New Zealand,New Zealand,English,No,Full-Time
64ad496ed302e53d92c1902f,629382914e43b1736f2b1233,APPROVED,2023-07-11T12:22:10.392000Z,2023-07-11T12:47:13.630000Z,2023-07-13T17:18:22.470000,2023-07-11T12:47:14.115498Z,1504,NOCODE,594,English,61,Female,White,United Kingdom,United Kingdom,United Kingdom,English,DATA_EXPIRED,"Not in paid work (e.g. homemaker', 'retired or disabled)"
64ad5952ad25198cc7e0e798,631610af8e747093cd90e00d,APPROVED,2023-07-11T13:29:58.600000Z,2023-07-11T15:09:01.493000Z,2023-07-13T17:18:22.610000,2023-07-11T15:09:02.365578Z,5943,NOCODE,720,English,38,Male,Mixed,United Kingdom,United Kingdom,United Kingdom,English,No,Full-Time
64ad60eef1ce15fc7563e2a1,60cc30fe65c26745707fb08c,APPROVED,2023-07-11T14:02:50.704000Z,2023-07-11T14:24:33.399000Z,2023-07-13T17:18:22.761000,2023-07-11T14:24:37.967566Z,1303,NOCODE,154,English,22,Female,Mixed,United Kingdom,United Kingdom,United Kingdom,English,Yes,Part-Time
64ad60ef8ac7ef012b7e97d9,5d8b66f5d189bd001a378273,APPROVED,2023-07-11T14:02:23.205000Z,2023-07-11T14:35:40.153000Z,2023-07-13T17:18:22.929000,2023-07-11T14:35:40.768838Z,1997,NOCODE,1672,English,45,Female,White,United Kingdom,United Kingdom,United Kingdom,English,No,"Not in paid work (e.g. homemaker', 'retired or disabled)"